,year,country,perc_cob,perc_no_cob
0,1970,Argentina,62.91,37.09
1,1971,Argentina,64.71,35.29
2,1972,Argentina,66.49,33.51
3,1973,Argentina,68.23,31.77
4,1974,Argentina,69.94,30.06
5,1975,Argentina,71.6,28.4
6,1976,Argentina,73.23,26.77
7,1977,Argentina,74.81,25.19
8,1978,Argentina,76.33,23.67
9,1979,Argentina,77.81,22.19
10,1980,Argentina,79.22,20.78
11,1981,Argentina,80.57,19.43
12,1982,Argentina,81.88,18.12
13,1983,Argentina,83.14,16.86
14,1984,Argentina,84.33,15.67
15,1985,Argentina,85.45,14.55
16,1986,Argentina,86.49,13.51
17,1987,Argentina,87.44,12.56
18,1988,Argentina,88.31,11.69
19,1989,Argentina,89.08,10.92
20,1990,Argentina,89.75,10.25
21,1991,Argentina,89.63,10.37
22,1992,Argentina,90.6,9.4
23,1993,Argentina,91.48,8.52
24,1994,Argentina,92.28,7.72
25,1995,Argentina,93.0,7.0
26,1996,Argentina,93.63,6.37
27,1997,Argentina,94.18,5.82
28,1998,Argentina,94.64,5.36
29,1999,Argentina,95.03,4.97
30,2000,Argentina,95.27,4.73
31,2001,Argentina,94.43,5.57
32,2002,Argentina,94.6,5.4
33,2003,Argentina,94.78,5.22
34,2004,Argentina,94.95,5.05
35,2005,Argentina,95.12,4.88
36,2006,Argentina,95.3,4.7
37,2007,Argentina,95.47,4.53
38,2008,Argentina,95.65,4.35
39,2009,Argentina,95.82,4.18
40,2010,Argentina,96.0,4.0
41,2011,Argentina,96.18,3.82
42,2012,Argentina,96.35,3.65
43,2013,Argentina,95.0,5.0
44,2014,Argentina,98.79,1.21
45,2015,Argentina,98.79,1.21
46,1970,Barbados,53.06,46.94
47,1971,Barbados,55.38,44.62
48,1972,Barbados,57.72,42.28
49,1973,Barbados,60.07,39.93
50,1974,Barbados,62.42,37.58
51,1975,Barbados,64.75,35.25
52,1976,Barbados,67.06,32.94
53,1977,Barbados,69.33,30.67
54,1978,Barbados,71.57,28.43
55,1979,Barbados,73.77,26.23
56,1980,Barbados,75.9,24.1
57,1981,Barbados,77.95,22.05
58,1982,Barbados,79.93,20.07
59,1983,Barbados,81.82,18.18
60,1984,Barbados,83.63,16.37
61,1985,Barbados,85.35,14.65
62,1986,Barbados,86.97,13.03
63,1987,Barbados,88.49,11.51
64,1988,Barbados,89.91,10.09
65,1989,Barbados,91.22,8.78
66,1990,Barbados,92.58,7.42
67,1991,Barbados,92.94,7.05
68,1992,Barbados,93.31,6.69
69,1993,Barbados,93.68,6.32
70,1994,Barbados,94.05,5.95
71,1995,Barbados,94.42,5.58
72,1996,Barbados,94.79,5.21
73,1997,Barbados,95.17,4.83
74,1998,Barbados,95.54,4.46
75,1999,Barbados,95.92,4.08
76,2000,Barbados,96.3,3.7
77,2001,Barbados,96.66,3.34
78,2002,Barbados,97.09,2.91
79,2003,Barbados,97.47,2.53
80,2004,Barbados,97.81,2.19
81,2005,Barbados,98.11,1.89
82,2006,Barbados,98.38,1.62
83,2007,Barbados,98.61,1.39
84,2008,Barbados,98.82,1.18
85,2009,Barbados,98.99,1.01
86,2010,Barbados,99.14,0.86
87,2011,Barbados,99.29,0.71
88,2012,Barbados,99.5,0.5
89,2013,Barbados,99.5,0.5
90,2014,Barbados,99.5,0.5
91,2015,Barbados,99.8,0.2
92,1970,Belize,32.53,67.47
93,1971,Belize,34.04,65.96
94,1972,Belize,35.59,64.41
95,1973,Belize,37.19,62.81
96,1974,Belize,38.84,61.16
97,1975,Belize,40.52,59.48
98,1976,Belize,42.24,57.76
99,1977,Belize,44.0,56.0
100,1978,Belize,45.78,54.21
101,1979,Belize,47.59,52.41
102,1980,Belize,49.41,50.59
103,1981,Belize,51.26,48.74
104,1982,Belize,53.1,46.9
105,1983,Belize,54.94,45.06
106,1984,Belize,56.76,43.24
107,1985,Belize,58.56,41.44
108,1986,Belize,60.33,39.67
109,1987,Belize,62.06,37.94
110,1988,Belize,63.73,36.26
111,1989,Belize,65.35,34.65
112,1990,Belize,66.97,33.03
113,1991,Belize,67.15,32.85
114,1992,Belize,68.69,31.31
115,1993,Belize,70.27,29.73
116,1994,Belize,71.88,28.12
117,1995,Belize,73.53,26.47
118,1996,Belize,75.21,24.79
119,1997,Belize,76.93,23.07
120,1998,Belize,78.7,21.3
121,1999,Belize,80.5,19.5
122,2000,Belize,81.66,18.34
123,2001,Belize,81.1,18.9
124,2002,Belize,81.31,18.69
125,2003,Belize,81.51,18.49
126,2004,Belize,81.7,18.3
127,2005,Belize,81.89,18.11
128,2006,Belize,84.63,15.37
129,2007,Belize,84.7,15.3
130,2008,Belize,85.43,14.57
131,2009,Belize,85.42,14.58
132,2010,Belize,89.1,14.64
133,2011,Belize,92.94,7.06
134,2012,Belize,93.0,7.0
135,2013,Belize,93.0,7.0
136,2014,Belize,93.0,7.0
137,2015,Belize,93.0,7.0
138,1970,Bolivia,30.0,70.0
139,1971,Bolivia,30.52,69.48
140,1972,Bolivia,31.05,68.95
141,1973,Bolivia,31.6,68.4
142,1974,Bolivia,32.15,67.85
143,1975,Bolivia,32.72,67.28
144,1976,Bolivia,33.93,66.07
145,1977,Bolivia,34.59,65.41
146,1978,Bolivia,35.26,64.74
147,1979,Bolivia,35.94,64.06
148,1980,Bolivia,36.64,63.36
149,1981,Bolivia,37.34,62.66
150,1982,Bolivia,38.07,61.93
151,1983,Bolivia,38.8,61.2
152,1984,Bolivia,39.55,60.45
153,1985,Bolivia,40.32,59.68
154,1986,Bolivia,41.1,58.9
155,1987,Bolivia,41.89,58.11
156,1988,Bolivia,42.7,57.3
157,1989,Bolivia,43.53,56.47
158,1990,Bolivia,44.37,55.63
159,1991,Bolivia,45.23,54.77
160,1992,Bolivia,46.1,53.9
161,1993,Bolivia,47.16,52.84
162,1994,Bolivia,48.24,51.76
163,1995,Bolivia,49.35,50.65
164,1996,Bolivia,50.48,49.52
165,1997,Bolivia,51.64,48.36
166,1998,Bolivia,52.82,47.18
167,1999,Bolivia,54.03,45.97
168,2000,Bolivia,55.27,44.73
169,2001,Bolivia,56.54,43.46
170,2002,Bolivia,58.53,41.47
171,2003,Bolivia,60.58,39.42
172,2004,Bolivia,62.71,37.29
173,2005,Bolivia,64.91,35.09
174,2006,Bolivia,67.18,32.82
175,2007,Bolivia,69.54,30.46
176,2008,Bolivia,71.98,28.02
177,2009,Bolivia,74.51,25.49
178,2010,Bolivia,77.1,22.88
179,2011,Bolivia,79.78,20.22
180,2012,Bolivia,82.59,17.41
181,2013,Bolivia,82.59,17.41
182,2014,Bolivia,85.66,14.34
183,2015,Bolivia,88.0,12.0
184,1970,Brazil,47.55,52.45
185,1971,Brazil,49.32,50.68
186,1972,Brazil,51.15,48.85
187,1973,Brazil,53.06,46.94
188,1974,Brazil,55.03,44.97
189,1975,Brazil,57.07,42.93
190,1976,Brazil,59.2,40.8
191,1977,Brazil,61.4,38.6
192,1978,Brazil,63.68,36.32
193,1979,Brazil,66.05,33.95
194,1980,Brazil,68.5,31.5
195,1981,Brazil,70.0,30.0
196,1982,Brazil,71.53,28.47
197,1983,Brazil,73.09,26.91
198,1984,Brazil,74.69,25.31
199,1985,Brazil,76.32,23.68
200,1986,Brazil,77.99,22.01
201,1987,Brazil,79.69,20.31
202,1988,Brazil,81.43,18.57
203,1989,Brazil,83.21,16.79
204,1990,Brazil,85.03,14.97
205,1991,Brazil,86.89,13.11
206,1992,Brazil,87.7,12.3
207,1993,Brazil,88.52,11.48
208,1994,Brazil,89.35,10.65
209,1995,Brazil,90.19,9.81
210,1996,Brazil,91.04,8.96
211,1997,Brazil,91.89,8.11
212,1998,Brazil,92.75,7.25
213,1999,Brazil,93.62,6.38
214,2000,Brazil,94.5,5.5
215,2001,Brazil,94.92,5.08
216,2002,Brazil,95.33,4.67
217,2003,Brazil,95.75,4.25
218,2004,Brazil,96.17,3.83
219,2005,Brazil,96.59,3.41
220,2006,Brazil,97.02,2.98
221,2007,Brazil,97.44,2.56
222,2008,Brazil,97.87,2.13
223,2009,Brazil,98.3,1.7
224,2010,Brazil,98.73,1.27
225,2011,Brazil,98.73,1.27
226,2012,Brazil,99.11,0.89
227,2013,Brazil,99.14,0.86
228,2014,Brazil,99.2,0.8
229,2015,Brazil,99.3,0.7
230,1970,Chile,53.7,46.3
231,1971,Chile,55.77,44.23
232,1972,Chile,57.86,42.14
233,1973,Chile,59.96,40.04
234,1974,Chile,62.08,37.92
235,1975,Chile,64.19,35.81
236,1976,Chile,66.29,33.71
237,1977,Chile,68.38,31.62
238,1978,Chile,70.44,29.56
239,1979,Chile,72.46,27.54
240,1980,Chile,74.43,25.57
241,1981,Chile,76.35,23.65
242,1982,Chile,78.19,21.81
243,1983,Chile,79.95,20.05
244,1984,Chile,81.61,18.39
245,1985,Chile,83.17,16.83
246,1986,Chile,84.63,15.37
247,1987,Chile,85.97,14.03
248,1988,Chile,87.18,12.82
249,1989,Chile,88.27,11.73
250,1990,Chile,89.23,10.77
251,1991,Chile,90.04,9.96
252,1992,Chile,90.24,9.76
253,1993,Chile,90.73,9.27
254,1994,Chile,91.21,8.79
255,1995,Chile,91.7,8.3
256,1996,Chile,92.2,7.8
257,1997,Chile,92.69,7.31
258,1998,Chile,93.19,6.81
259,1999,Chile,93.69,6.31
260,2000,Chile,94.2,5.8
261,2001,Chile,94.7,5.3
262,2002,Chile,95.21,4.79
263,2003,Chile,95.35,4.65
264,2004,Chile,95.39,4.61
265,2005,Chile,95.77,4.23
266,2006,Chile,96.37,3.63
267,2007,Chile,97.04,2.96
268,2008,Chile,97.64,2.36
269,2009,Chile,97.99,2.01
270,2010,Chile,98.0,2.0
271,2011,Chile,98.01,1.99
272,2012,Chile,98.02,1.98
273,2013,Chile,98.02,1.98
274,2014,Chile,99.22,0.78
275,2015,Chile,99.65,0.35
276,1970,Colombia,51.1,48.92
277,1971,Colombia,51.2,48.84
278,1972,Colombia,52.0,47.99
279,1973,Colombia,52.3,47.68
280,1974,Colombia,54.1,45.9
281,1975,Colombia,55.9,44.06
282,1976,Colombia,57.9,42.15
283,1977,Colombia,59.8,40.18
284,1978,Colombia,61.9,38.14
285,1979,Colombia,64.0,36.04
286,1980,Colombia,66.1,33.86
287,1981,Colombia,68.4,31.6
288,1982,Colombia,70.7,29.28
289,1983,Colombia,73.1,26.87
290,1984,Colombia,75.6,24.38
291,1985,Colombia,78.2,21.8
292,1986,Colombia,79.1,20.89
293,1987,Colombia,80.0,19.97
294,1988,Colombia,81.0,19.04
295,1989,Colombia,81.9,18.09
296,1990,Colombia,82.9,17.14
297,1991,Colombia,83.8,16.17
298,1992,Colombia,84.8,15.2
299,1993,Colombia,85.8,14.21
300,1994,Colombia,86.4,13.58
301,1995,Colombia,87.0,12.96
302,1996,Colombia,87.7,12.32
303,1997,Colombia,88.3,11.68
304,1998,Colombia,89.0,11.04
305,1999,Colombia,89.6,10.39
306,2000,Colombia,90.3,9.74
307,2001,Colombia,90.9,9.08
308,2002,Colombia,91.6,8.42
309,2003,Colombia,92.3,7.75
310,2004,Colombia,92.9,7.08
311,2005,Colombia,93.6,6.4
312,2006,Colombia,94.3,5.72
313,2007,Colombia,94.8,5.17
314,2008,Colombia,95.2,4.8
315,2009,Colombia,95.4,4.61
316,2010,Colombia,95.4,4.59
317,2011,Colombia,95.4,4.57
318,2012,Colombia,95.6,4.43
319,2013,Colombia,96.5,3.47
320,2014,Colombia,96.7,3.33
321,2015,Colombia,97.0,3.04
322,1970,Costa Rica,47.3,52.66
323,1971,Costa Rica,49.3,50.74
324,1972,Costa Rica,51.0,48.98
325,1973,Costa Rica,54.9,45.13
326,1974,Costa Rica,55.9,44.09
327,1975,Costa Rica,57.7,42.28
328,1976,Costa Rica,59.3,40.73
329,1977,Costa Rica,61.7,38.26
330,1978,Costa Rica,64.2,35.82
331,1979,Costa Rica,67.0,33.05
332,1980,Costa Rica,70.6,29.36
333,1981,Costa Rica,72.9,27.1
334,1982,Costa Rica,74.3,25.71
335,1983,Costa Rica,74.6,25.45
336,1984,Costa Rica,81.6,18.44
337,1985,Costa Rica,83.5,16.52
338,1986,Costa Rica,84.8,15.2
339,1987,Costa Rica,86.0,14.0
340,1988,Costa Rica,87.2,12.8
341,1989,Costa Rica,88.4,11.59
342,1990,Costa Rica,90.0,10.03
343,1991,Costa Rica,91.2,8.76
344,1992,Costa Rica,92.4,7.6
345,1993,Costa Rica,92.5,7.47
346,1994,Costa Rica,92.7,7.34
347,1995,Costa Rica,92.7,7.3
348,1996,Costa Rica,93.0,7.02
349,1997,Costa Rica,93.3,6.75
350,1998,Costa Rica,94.1,5.87
351,1999,Costa Rica,94.4,5.56
352,2000,Costa Rica,97.1,2.94
353,2001,Costa Rica,97.3,2.73
354,2002,Costa Rica,97.5,2.51
355,2003,Costa Rica,97.7,2.3
356,2004,Costa Rica,97.9,2.09
357,2005,Costa Rica,98.1,1.87
358,2006,Costa Rica,98.4,1.65
359,2007,Costa Rica,98.6,1.43
360,2008,Costa Rica,98.6,1.38
361,2009,Costa Rica,99.0,1.02
362,2010,Costa Rica,99.1,0.89
363,2011,Costa Rica,99.2,0.76
364,2012,Costa Rica,99.33,0.67
365,2013,Costa Rica,99.38,0.62
366,2014,Costa Rica,99.43,0.57
367,2015,Costa Rica,99.3,0.7
368,1970, Cuba,70.82,29.18
369,1971, Cuba,71.84,28.16
370,1972, Cuba,72.87,27.13
371,1973, Cuba,73.92,26.08
372,1974, Cuba,74.98,25.02
373,1975, Cuba,76.06,23.94
374,1976, Cuba,77.16,22.84
375,1977, Cuba,78.27,21.73
376,1978, Cuba,79.39,20.61
377,1979, Cuba,80.54,19.46
378,1980, Cuba,81.69,18.31
379,1981, Cuba,82.87,17.13
380,1982, Cuba,83.44,16.56
381,1983, Cuba,84.0,16.0
382,1984, Cuba,84.58,15.42
383,1985, Cuba,85.15,14.85
384,1986, Cuba,85.74,14.26
385,1987, Cuba,86.32,13.68
386,1988, Cuba,86.91,13.09
387,1989, Cuba,87.5,12.5
388,1990, Cuba,88.1,11.9
389,1991, Cuba,88.7,11.3
390,1992, Cuba,89.31,10.69
391,1993, Cuba,89.92,10.08
392,1994, Cuba,90.53,9.47
393,1995, Cuba,91.15,8.85
394,1996, Cuba,91.77,8.23
395,1997, Cuba,92.39,7.61
396,1998, Cuba,93.02,6.98
397,1999, Cuba,93.66,6.34
398,2000, Cuba,94.3,5.7
399,2001, Cuba,94.94,5.06
400,2002, Cuba,95.59,4.41
401,2003, Cuba,95.87,4.13
402,2004, Cuba,95.86,4.14
403,2005, Cuba,95.89,4.11
404,2006, Cuba,95.96,4.04
405,2007, Cuba,96.11,3.89
406,2008, Cuba,96.33,3.67
407,2009, Cuba,96.64,3.36
408,2010, Cuba,97.05,2.95
409,2011, Cuba,97.46,2.54
410,2012, Cuba,97.8,2.2
411,2013, Cuba,98.1,1.9
412,2014, Cuba,98.9,1.1
413,2015, Cuba,99.5,0.5
414,1970,Ecuador,50.85,49.15
415,1971,Ecuador,52.9,47.1
416,1972,Ecuador,53.64,46.36
417,1973,Ecuador,54.36,45.64
418,1974,Ecuador,55.06,44.94
419,1975,Ecuador,55.75,44.25
420,1976,Ecuador,56.43,43.57
421,1977,Ecuador,57.09,42.91
422,1978,Ecuador,57.73,42.27
423,1979,Ecuador,58.35,41.65
424,1980,Ecuador,58.96,41.04
425,1981,Ecuador,59.56,40.44
426,1982,Ecuador,60.16,39.84
427,1983,Ecuador,60.74,39.26
428,1984,Ecuador,62.23,37.77
429,1985,Ecuador,64.11,35.89
430,1986,Ecuador,66.11,33.89
431,1987,Ecuador,67.9,32.1
432,1988,Ecuador,69.09,30.91
433,1989,Ecuador,71.95,28.05
434,1990,Ecuador,74.68,25.32
435,1991,Ecuador,75.93,24.07
436,1992,Ecuador,77.21,22.79
437,1993,Ecuador,78.5,21.5
438,1994,Ecuador,79.82,20.18
439,1995,Ecuador,81.16,18.85
440,1996,Ecuador,82.52,17.48
441,1997,Ecuador,83.9,16.1
442,1998,Ecuador,85.31,14.69
443,1999,Ecuador,86.74,13.26
444,2000,Ecuador,88.19,11.81
445,2001,Ecuador,89.67,10.33
446,2002,Ecuador,90.07,9.93
447,2003,Ecuador,90.47,9.53
448,2004,Ecuador,90.88,9.12
449,2005,Ecuador,91.29,8.71
450,2006,Ecuador,91.7,8.3
451,2007,Ecuador,92.11,7.89
452,2008,Ecuador,92.52,7.48
453,2009,Ecuador,92.94,7.06
454,2010,Ecuador,93.35,6.65
455,2011,Ecuador,93.76,6.24
456,2012,Ecuador,94.06,5.94
457,2013,Ecuador,97.04,2.96
458,2014,Ecuador,97.04,2.96
459,2015,Ecuador,97.18,2.82
460,1970,Grenada,50.03,49.97
461,1971,Grenada,50.02,49.98
462,1972,Grenada,50.29,49.7
463,1973,Grenada,50.28,49.72
464,1974,Grenada,50.56,49.44
465,1975,Grenada,50.55,49.45
466,1976,Grenada,50.83,49.17
467,1977,Grenada,50.81,49.19
468,1978,Grenada,51.1,48.9
469,1979,Grenada,51.08,48.92
470,1980,Grenada,51.44,48.56
471,1981,Grenada,51.8,48.19
472,1982,Grenada,51.55,48.45
473,1983,Grenada,51.29,48.71
474,1984,Grenada,51.04,48.96
475,1985,Grenada,50.79,49.22
476,1986,Grenada,50.53,49.47
477,1987,Grenada,50.28,49.72
478,1988,Grenada,50.03,49.97
479,1989,Grenada,49.79,50.21
480,1990,Grenada,49.54,50.46
481,1991,Grenada,49.46,50.54
482,1992,Grenada,52.46,47.54
483,1993,Grenada,55.64,44.36
484,1994,Grenada,59.02,40.99
485,1995,Grenada,62.6,37.4
486,1996,Grenada,66.39,33.61
487,1997,Grenada,70.42,29.58
488,1998,Grenada,74.69,25.31
489,1999,Grenada,79.22,20.78
490,2000,Grenada,84.03,15.97
491,2001,Grenada,89.12,10.88
492,2002,Grenada,90.51,9.49
493,2003,Grenada,91.45,8.55
494,2004,Grenada,92.31,7.69
495,2005,Grenada,93.11,6.9
496,2006,Grenada,93.83,6.17
497,2007,Grenada,94.47,5.53
498,2008,Grenada,95.05,4.95
499,2009,Grenada,95.56,4.44
500,2010,Grenada,96.01,3.99
501,2011,Grenada,96.46,3.54
502,2012,Grenada,96.7,3.3
503,2013,Grenada,96.7,3.3
504,2014,Grenada,96.7,3.3
505,2015,Grenada,98.1,1.9
506,1970,Guatemala,26.62,73.38
507,1971,Guatemala,27.46,72.54
508,1972,Guatemala,28.32,71.68
509,1973,Guatemala,29.21,70.79
510,1974,Guatemala,30.13,69.87
511,1975,Guatemala,31.06,68.94
512,1976,Guatemala,32.02,67.98
513,1977,Guatemala,32.99,67.01
514,1978,Guatemala,33.98,66.02
515,1979,Guatemala,34.98,65.02
516,1980,Guatemala,35.31,64.69
517,1981,Guatemala,35.89,64.11
518,1982,Guatemala,36.9,63.1
519,1983,Guatemala,37.93,62.07
520,1984,Guatemala,38.95,61.05
521,1985,Guatemala,39.98,60.02
522,1986,Guatemala,41.01,58.99
523,1987,Guatemala,42.03,57.97
524,1988,Guatemala,43.05,56.95
525,1989,Guatemala,44.07,55.93
526,1990,Guatemala,45.07,54.93
527,1991,Guatemala,46.05,53.95
528,1992,Guatemala,46.24,53.76
529,1993,Guatemala,47.33,52.67
530,1994,Guatemala,47.86,52.14
531,1995,Guatemala,50.06,49.94
532,1996,Guatemala,52.37,47.63
533,1997,Guatemala,54.78,45.22
534,1998,Guatemala,57.3,42.7
535,1999,Guatemala,59.94,40.06
536,2000,Guatemala,62.7,37.3
537,2001,Guatemala,65.59,34.41
538,2002,Guatemala,68.61,31.39
539,2003,Guatemala,70.43,29.57
540,2004,Guatemala,70.29,29.71
541,2005,Guatemala,74.0,26.02
542,2006,Guatemala,74.1,25.93
543,2007,Guatemala,74.6,25.45
544,2008,Guatemala,79.9,20.14
545,2009,Guatemala,81.7,18.28
546,2010,Guatemala,81.8,18.18
547,2011,Guatemala,81.9,18.08
548,2012,Guatemala,85.7,14.3
549,2013,Guatemala,89.6,10.41
550,2014,Guatemala,90.2,9.8
551,2015,Guatemala,91.96,8.04
552,1970,Guyana,19.13,80.87
553,1971,Guyana,20.02,79.98
554,1972,Guyana,20.95,79.05
555,1973,Guyana,21.9,78.1
556,1974,Guyana,22.88,77.12
557,1975,Guyana,23.9,76.1
558,1976,Guyana,24.95,75.05
559,1977,Guyana,26.03,73.97
560,1978,Guyana,27.14,72.86
561,1979,Guyana,28.28,71.72
562,1980,Guyana,29.44,70.56
563,1981,Guyana,30.63,69.37
564,1982,Guyana,31.85,68.15
565,1983,Guyana,33.09,66.91
566,1984,Guyana,34.35,65.65
567,1985,Guyana,35.63,64.37
568,1986,Guyana,36.93,63.07
569,1987,Guyana,38.24,61.76
570,1988,Guyana,39.56,60.44
571,1989,Guyana,40.89,59.11
572,1990,Guyana,42.22,57.78
573,1991,Guyana,43.55,56.45
574,1992,Guyana,50.0,50.0
575,1993,Guyana,51.72,48.28
576,1994,Guyana,53.43,46.57
577,1995,Guyana,55.2,44.8
578,1996,Guyana,57.03,42.97
579,1997,Guyana,58.92,41.08
580,1998,Guyana,60.87,39.13
581,1999,Guyana,62.89,37.11
582,2000,Guyana,64.97,35.03
583,2001,Guyana,67.12,32.88
584,2002,Guyana,68.38,31.62
585,2003,Guyana,74.88,25.12
586,2004,Guyana,75.89,24.11
587,2005,Guyana,76.78,23.22
588,2006,Guyana,77.56,22.44
589,2007,Guyana,78.24,21.76
590,2008,Guyana,78.81,21.19
591,2009,Guyana,79.27,20.73
592,2010,Guyana,79.63,20.37
593,2011,Guyana,79.99,20.01
594,2012,Guyana,80.39,19.61
595,2013,Guyana,80.39,19.61
596,2014,Guyana,80.39,19.61
597,2015,Guyana,80.5,19.5
598,1970,Haiti,20.6,79.45
599,1971,Haiti,20.9,79.13
600,1972,Haiti,21.2,78.81
601,1973,Haiti,21.5,78.48
602,1974,Haiti,21.9,78.15
603,1975,Haiti,22.2,77.82
604,1976,Haiti,22.5,77.48
605,1977,Haiti,22.9,77.13
606,1978,Haiti,23.2,76.79
607,1979,Haiti,23.6,76.43
608,1980,Haiti,23.9,76.08
609,1981,Haiti,24.3,75.72
610,1982,Haiti,24.7,75.35
611,1983,Haiti,24.8,75.23
612,1984,Haiti,24.9,75.11
613,1985,Haiti,25.0,74.99
614,1986,Haiti,25.1,74.88
615,1987,Haiti,25.2,74.76
616,1988,Haiti,25.4,74.64
617,1989,Haiti,25.5,74.53
618,1990,Haiti,25.6,74.41
619,1991,Haiti,25.7,74.3
620,1992,Haiti,25.8,74.19
621,1993,Haiti,25.9,74.08
622,1994,Haiti,26.0,73.96
623,1995,Haiti,26.1,73.86
624,1996,Haiti,26.3,73.75
625,1997,Haiti,26.4,73.64
626,1998,Haiti,26.5,73.53
627,1999,Haiti,26.6,73.43
628,2000,Haiti,26.7,73.33
629,2001,Haiti,26.8,73.22
630,2002,Haiti,26.9,73.12
631,2003,Haiti,27.0,73.02
632,2004,Haiti,27.1,72.9
633,2005,Haiti,27.2,72.79
634,2006,Haiti,27.3,72.67
635,2007,Haiti,27.4,72.56
636,2008,Haiti,27.6,72.44
637,2009,Haiti,27.7,72.33
638,2010,Haiti,27.8,72.22
639,2011,Haiti,27.9,72.11
640,2012,Haiti,28.0,72.0
641,2013,Haiti,28.0,72.0
642,2014,Haiti,28.0,72.0
643,2015,Haiti,30.0,70.0
644,1970,Honduras,31.99,68.01
645,1971,Honduras,32.41,67.59
646,1972,Honduras,32.83,67.17
647,1973,Honduras,33.24,66.76
648,1974,Honduras,33.65,66.35
649,1975,Honduras,33.99,66.01
650,1976,Honduras,34.34,65.66
651,1977,Honduras,34.69,65.31
652,1978,Honduras,35.05,64.95
653,1979,Honduras,35.4,64.6
654,1980,Honduras,35.74,64.26
655,1981,Honduras,36.08,63.92
656,1982,Honduras,36.66,63.34
657,1983,Honduras,37.14,62.86
658,1984,Honduras,37.49,62.51
659,1985,Honduras,37.82,62.18
660,1986,Honduras,38.15,61.85
661,1987,Honduras,38.53,61.47
662,1988,Honduras,38.92,61.08
663,1989,Honduras,39.52,60.48
664,1990,Honduras,40.24,59.76
665,1991,Honduras,41.03,58.97
666,1992,Honduras,41.77,58.23
667,1993,Honduras,42.48,57.52
668,1994,Honduras,43.18,56.82
669,1995,Honduras,45.09,54.91
670,1996,Honduras,47.33,52.67
671,1997,Honduras,49.76,50.24
672,1998,Honduras,50.16,49.84
673,1999,Honduras,51.7,48.3
674,2000,Honduras,54.89,45.11
675,2001,Honduras,57.48,42.52
676,2002,Honduras,60.13,39.87
677,2003,Honduras,62.09,37.91
678,2004,Honduras,64.62,35.38
679,2005,Honduras,66.53,33.47
680,2006,Honduras,69.13,30.87
681,2007,Honduras,72.6,27.4
682,2008,Honduras,76.41,23.59
683,2009,Honduras,79.33,20.67
684,2010,Honduras,81.27,18.73
685,2011,Honduras,83.26,16.74
686,2012,Honduras,86.13,13.87
687,2013,Honduras,89.15,10.85
688,2014,Honduras,72.35,27.65
689,2015,Honduras,79.92,20.08
690,1970,Jamaica,27.2,72.8
691,1971,Jamaica,28.95,71.05
692,1972,Jamaica,30.79,69.21
693,1973,Jamaica,32.72,67.28
694,1974,Jamaica,34.74,65.26
695,1975,Jamaica,36.83,63.17
696,1976,Jamaica,39.0,61.0
697,1977,Jamaica,41.24,58.76
698,1978,Jamaica,43.54,56.46
699,1979,Jamaica,45.88,54.12
700,1980,Jamaica,47.48,52.52
701,1981,Jamaica,49.35,50.65
702,1982,Jamaica,49.42,50.58
703,1983,Jamaica,51.09,48.92
704,1984,Jamaica,53.1,46.9
705,1985,Jamaica,55.2,44.8
706,1986,Jamaica,57.38,42.62
707,1987,Jamaica,59.64,40.36
708,1988,Jamaica,62.0,38.0
709,1989,Jamaica,64.44,35.56
710,1990,Jamaica,66.99,33.01
711,1991,Jamaica,69.24,30.76
712,1992,Jamaica,71.09,28.91
713,1993,Jamaica,72.98,27.02
714,1994,Jamaica,74.93,25.07
715,1995,Jamaica,76.93,23.07
716,1996,Jamaica,78.98,21.02
717,1997,Jamaica,81.09,18.91
718,1998,Jamaica,83.25,16.75
719,1999,Jamaica,85.47,14.53
720,2000,Jamaica,87.75,12.25
721,2001,Jamaica,90.09,9.91
722,2002,Jamaica,90.46,9.54
723,2003,Jamaica,91.07,8.93
724,2004,Jamaica,91.51,8.49
725,2005,Jamaica,91.79,8.21
726,2006,Jamaica,91.92,8.08
727,2007,Jamaica,92.12,7.88
728,2008,Jamaica,92.3,7.7
729,2009,Jamaica,92.73,7.27
730,2010,Jamaica,92.78,7.22
731,2011,Jamaica,92.83,7.17
732,2012,Jamaica,93.0,7.0
733,2013,Jamaica,93.0,7.0
734,2014,Jamaica,98.0,2.0
735,2015,Jamaica,98.0,2.0
736,1970,Mexico,60.0,40.0
737,1971,Mexico,60.68,39.32
738,1972,Mexico,61.35,38.65
739,1973,Mexico,62.83,37.17
740,1974,Mexico,64.45,35.55
741,1975,Mexico,65.8,34.2
742,1976,Mexico,67.21,32.79
743,1977,Mexico,68.76,31.24
744,1978,Mexico,70.27,29.73
745,1979,Mexico,71.61,28.39
746,1980,Mexico,73.19,26.81
747,1981,Mexico,76.27,23.73
748,1982,Mexico,79.04,20.96
749,1983,Mexico,82.17,17.83
750,1984,Mexico,85.24,14.76
751,1985,Mexico,88.08,11.92
752,1986,Mexico,87.13,12.87
753,1987,Mexico,87.77,12.23
754,1988,Mexico,88.28,11.72
755,1989,Mexico,88.66,11.34
756,1990,Mexico,87.52,12.48
757,1991,Mexico,88.07,11.93
758,1992,Mexico,88.62,11.38
759,1993,Mexico,89.18,10.82
760,1994,Mexico,89.74,10.26
761,1995,Mexico,90.3,9.7
762,1996,Mexico,90.87,9.13
763,1997,Mexico,91.44,8.56
764,1998,Mexico,92.02,7.98
765,1999,Mexico,92.6,7.4
766,2000,Mexico,93.18,6.82
767,2001,Mexico,93.63,6.37
768,2002,Mexico,94.08,5.92
769,2003,Mexico,94.54,5.46
770,2004,Mexico,94.99,5.01
771,2005,Mexico,95.45,4.55
772,2006,Mexico,95.91,4.09
773,2007,Mexico,96.38,3.62
774,2008,Mexico,96.84,3.16
775,2009,Mexico,97.31,2.69
776,2010,Mexico,97.78,2.22
777,2011,Mexico,98.25,1.75
778,2012,Mexico,98.72,1.28
779,2013,Mexico,98.72,1.28
780,2014,Mexico,98.43,1.57
781,2015,Mexico,98.53,1.47
782,1970,Nicaragua,31.47,68.53
783,1971,Nicaragua,32.38,67.62
784,1972,Nicaragua,32.99,67.01
785,1973,Nicaragua,33.6,66.4
786,1974,Nicaragua,34.23,65.77
787,1975,Nicaragua,34.87,65.13
788,1976,Nicaragua,35.52,64.48
789,1977,Nicaragua,36.18,63.82
790,1978,Nicaragua,36.86,63.14
791,1979,Nicaragua,37.55,62.45
792,1980,Nicaragua,38.25,61.75
793,1981,Nicaragua,38.96,61.04
794,1982,Nicaragua,39.69,60.31
795,1983,Nicaragua,40.43,59.57
796,1984,Nicaragua,41.19,58.81
797,1985,Nicaragua,41.95,58.05
798,1986,Nicaragua,42.74,57.26
799,1987,Nicaragua,43.54,56.46
800,1988,Nicaragua,44.35,55.65
801,1989,Nicaragua,45.18,54.82
802,1990,Nicaragua,46.02,53.98
803,1991,Nicaragua,46.88,53.12
804,1992,Nicaragua,47.76,52.24
805,1993,Nicaragua,48.65,51.35
806,1994,Nicaragua,49.56,50.44
807,1995,Nicaragua,50.48,49.52
808,1996,Nicaragua,51.39,48.61
809,1997,Nicaragua,52.32,47.68
810,1998,Nicaragua,53.26,46.74
811,1999,Nicaragua,54.22,45.78
812,2000,Nicaragua,55.19,44.81
813,2001,Nicaragua,56.18,43.82
814,2002,Nicaragua,57.2,42.8
815,2003,Nicaragua,58.23,41.77
816,2004,Nicaragua,59.27,40.73
817,2005,Nicaragua,60.34,39.66
818,2006,Nicaragua,61.34,38.66
819,2007,Nicaragua,62.39,37.61
820,2008,Nicaragua,63.36,36.64
821,2009,Nicaragua,64.23,35.77
822,2010,Nicaragua,65.0,35.0
823,2011,Nicaragua,72.4,27.6
824,2012,Nicaragua,73.7,26.3
825,2013,Nicaragua,76.2,23.8
826,2014,Nicaragua,80.5,19.5
827,2015,Nicaragua,85.3,14.7
828,1970,Panama,51.77,48.23
829,1971,Panama,53.0,47.0
830,1972,Panama,54.2,45.8
831,1973,Panama,55.38,44.62
832,1974,Panama,56.52,43.48
833,1975,Panama,57.62,42.38
834,1976,Panama,58.67,41.33
835,1977,Panama,59.69,40.31
836,1978,Panama,60.65,39.35
837,1979,Panama,61.56,38.44
838,1980,Panama,62.47,37.53
839,1981,Panama,63.34,36.66
840,1982,Panama,64.19,35.81
841,1983,Panama,64.98,35.02
842,1984,Panama,65.72,34.28
843,1985,Panama,66.4,33.6
844,1986,Panama,67.0,33.0
845,1987,Panama,67.53,32.47
846,1988,Panama,67.99,32.01
847,1989,Panama,68.36,31.64
848,1990,Panama,68.74,31.26
849,1991,Panama,69.91,30.09
850,1992,Panama,71.1,28.9
851,1993,Panama,72.31,27.69
852,1994,Panama,73.55,26.45
853,1995,Panama,74.8,25.2
854,1996,Panama,76.08,23.92
855,1997,Panama,77.37,22.63
856,1998,Panama,78.69,21.31
857,1999,Panama,80.04,19.96
858,2000,Panama,81.4,18.6
859,2001,Panama,82.0,18.0
860,2002,Panama,82.6,17.4
861,2003,Panama,83.2,16.8
862,2004,Panama,83.81,16.19
863,2005,Panama,84.42,15.58
864,2006,Panama,85.04,14.96
865,2007,Panama,85.66,14.34
866,2008,Panama,86.28,13.72
867,2009,Panama,86.91,13.09
868,2010,Panama,87.55,12.45
869,2011,Panama,88.19,11.81
870,2012,Panama,88.83,11.17
871,2013,Panama,91.1,8.9
872,2014,Panama,92.5,7.5
873,2015,Panama,93.9,6.1
874,1970,Paraguay,31.93,68.07
875,1971,Paraguay,32.49,67.51
876,1972,Paraguay,33.05,66.95
877,1973,Paraguay,33.63,66.37
878,1974,Paraguay,34.22,65.78
879,1975,Paraguay,34.82,65.18
880,1976,Paraguay,35.43,64.57
881,1977,Paraguay,36.07,63.93
882,1978,Paraguay,36.71,63.29
883,1979,Paraguay,37.38,62.62
884,1980,Paraguay,38.05,61.95
885,1981,Paraguay,38.74,61.26
886,1982,Paraguay,38.82,61.18
887,1983,Paraguay,40.48,59.52
888,1984,Paraguay,42.21,57.79
889,1985,Paraguay,44.01,55.99
890,1986,Paraguay,45.9,54.1
891,1987,Paraguay,47.86,52.14
892,1988,Paraguay,49.91,50.09
893,1989,Paraguay,52.04,47.96
894,1990,Paraguay,54.27,45.73
895,1991,Paraguay,56.59,43.41
896,1992,Paraguay,59.01,40.99
897,1993,Paraguay,61.49,38.51
898,1994,Paraguay,64.08,35.92
899,1995,Paraguay,66.78,33.22
900,1996,Paraguay,69.59,30.41
901,1997,Paraguay,72.53,27.47
902,1998,Paraguay,75.58,24.42
903,1999,Paraguay,78.76,21.24
904,2000,Paraguay,82.08,17.92
905,2001,Paraguay,85.54,14.46
906,2002,Paraguay,89.14,10.86
907,2003,Paraguay,93.28,6.72
908,2004,Paraguay,96.49,3.51
909,2005,Paraguay,97.75,2.25
910,2006,Paraguay,98.5,1.5
911,2007,Paraguay,98.79,1.21
912,2008,Paraguay,98.86,1.14
913,2009,Paraguay,98.95,1.05
914,2010,Paraguay,98.97,1.03
915,2011,Paraguay,98.99,1.01
916,2012,Paraguay,99.02,0.98
917,2013,Paraguay,99.0,1.0
918,2014,Paraguay,99.0,1.0
919,2015,Paraguay,99.33,0.67
920,1970,Peru,31.98,68.02
921,1971,Peru,32.93,67.07
922,1972,Peru,33.9,66.1
923,1973,Peru,34.88,65.12
924,1974,Peru,35.87,64.13
925,1975,Peru,36.88,63.12
926,1976,Peru,37.9,62.1
927,1977,Peru,38.93,61.07
928,1978,Peru,39.97,60.03
929,1979,Peru,41.01,58.99
930,1980,Peru,42.06,57.94
931,1981,Peru,43.11,56.89
932,1982,Peru,44.17,55.83
933,1983,Peru,45.22,54.78
934,1984,Peru,46.26,53.74
935,1985,Peru,47.3,52.7
936,1986,Peru,48.32,51.68
937,1987,Peru,49.33,50.67
938,1988,Peru,50.32,49.68
939,1989,Peru,51.29,48.71
940,1990,Peru,52.24,47.76
941,1991,Peru,53.15,46.85
942,1992,Peru,54.04,45.96
943,1993,Peru,54.9,45.1
944,1994,Peru,56.09,43.91
945,1995,Peru,57.3,42.7
946,1996,Peru,58.54,41.46
947,1997,Peru,59.81,40.19
948,1998,Peru,61.1,38.9
949,1999,Peru,62.42,37.58
950,2000,Peru,63.78,36.22
951,2001,Peru,65.16,34.84
952,2002,Peru,66.57,33.43
953,2003,Peru,68.01,31.99
954,2004,Peru,69.48,30.52
955,2005,Peru,70.98,29.02
956,2006,Peru,72.52,27.48
957,2007,Peru,74.09,25.91
958,2008,Peru,75.62,24.38
959,2009,Peru,77.48,22.52
960,2010,Peru,79.31,20.69
961,2011,Peru,81.18,18.82
962,2012,Peru,82.0,18.0
963,2013,Peru,90.0,9.7
964,2014,Peru,91.9,8.1
965,2015,Peru,93.3,6.7
966,1970,Dominican Republic,53.01,46.99
967,1971,Dominican Republic,53.91,46.09
968,1972,Dominican Republic,54.81,45.19
969,1973,Dominican Republic,55.72,44.28
970,1974,Dominican Republic,56.54,43.46
971,1975,Dominican Republic,57.76,42.24
972,1976,Dominican Republic,58.5,41.5
973,1977,Dominican Republic,59.23,40.77
974,1978,Dominican Republic,59.97,40.03
975,1979,Dominican Republic,60.64,39.36
976,1980,Dominican Republic,61.5,38.5
977,1981,Dominican Republic,61.19,38.81
978,1982,Dominican Republic,62.3,37.7
979,1983,Dominican Republic,63.44,36.56
980,1984,Dominican Republic,64.6,35.4
981,1985,Dominican Republic,65.78,34.22
982,1986,Dominican Republic,66.98,33.02
983,1987,Dominican Republic,68.2,31.8
984,1988,Dominican Republic,69.44,30.56
985,1989,Dominican Republic,70.71,29.29
986,1990,Dominican Republic,72.0,28.0
987,1991,Dominican Republic,73.31,26.69
988,1992,Dominican Republic,74.65,25.35
989,1993,Dominican Republic,76.01,23.99
990,1994,Dominican Republic,77.74,22.26
991,1995,Dominican Republic,79.51,20.49
992,1996,Dominican Republic,81.32,18.68
993,1997,Dominican Republic,83.17,16.83
994,1998,Dominican Republic,85.06,14.94
995,1999,Dominican Republic,87.0,13.0
996,2000,Dominican Republic,88.98,11.02
997,2001,Dominican Republic,91.0,9.0
998,2002,Dominican Republic,93.08,6.92
999,2003,Dominican Republic,93.66,6.34
1000,2004,Dominican Republic,93.55,6.45
1001,2005,Dominican Republic,93.45,6.55
1002,2006,Dominican Republic,93.37,6.63
1003,2007,Dominican Republic,93.32,6.68
1004,2008,Dominican Republic,93.28,6.72
1005,2009,Dominican Republic,93.26,6.74
1006,2010,Dominican Republic,94.44,5.56
1007,2011,Dominican Republic,92.08,7.92
1008,2012,Dominican Republic,93.0,7.0
1009,2013,Dominican Republic,94.0,6.0
1010,2014,Dominican Republic,96.7,3.34
1011,2015,Dominican Republic,96.9,3.13
1012,1970,El Salvador,33.97,66.03
1013,1971,El Salvador,34.1,65.9
1014,1972,El Salvador,35.39,64.61
1015,1973,El Salvador,36.73,63.27
1016,1974,El Salvador,38.12,61.88
1017,1975,El Salvador,39.56,60.44
1018,1976,El Salvador,41.05,58.95
1019,1977,El Salvador,42.6,57.4
1020,1978,El Salvador,44.21,55.79
1021,1979,El Salvador,45.88,54.12
1022,1980,El Salvador,47.62,52.38
1023,1981,El Salvador,49.42,50.58
1024,1982,El Salvador,51.29,48.71
1025,1983,El Salvador,53.23,46.77
1026,1984,El Salvador,55.24,44.76
1027,1985,El Salvador,57.33,42.67
1028,1986,El Salvador,59.49,40.51
1029,1987,El Salvador,61.74,38.26
1030,1988,El Salvador,64.07,35.93
1031,1989,El Salvador,66.5,33.5
1032,1990,El Salvador,69.01,30.99
1033,1991,El Salvador,71.62,28.38
1034,1992,El Salvador,74.33,25.67
1035,1993,El Salvador,75.48,24.52
1036,1994,El Salvador,76.64,23.36
1037,1995,El Salvador,77.83,22.17
1038,1996,El Salvador,79.03,20.97
1039,1997,El Salvador,80.26,19.74
1040,1998,El Salvador,81.5,18.5
1041,1999,El Salvador,82.7,17.3
1042,2000,El Salvador,84.5,15.5
1043,2001,El Salvador,87.1,12.9
1044,2002,El Salvador,87.5,12.5
1045,2003,El Salvador,87.0,13.0
1046,2004,El Salvador,87.4,12.6
1047,2005,El Salvador,87.5,12.5
1048,2006,El Salvador,89.2,10.8
1049,2007,El Salvador,91.1,8.9
1050,2008,El Salvador,91.0,9.0
1051,2009,El Salvador,91.1,8.9
1052,2010,El Salvador,91.6,8.4
1053,2011,El Salvador,92.1,7.9
1054,2012,El Salvador,92.5,7.5
1055,2013,El Salvador,92.5,7.5
1056,2014,El Salvador,95.0,5.0
1057,2015,El Salvador,95.4,4.6
1058,1970,Suriname,67.14,32.86
1059,1971,Suriname,68.12,31.88
1060,1972,Suriname,69.08,30.92
1061,1973,Suriname,71.17,28.83
1062,1974,Suriname,73.28,26.72
1063,1975,Suriname,75.42,24.58
1064,1976,Suriname,77.58,22.42
1065,1977,Suriname,79.75,20.25
1066,1978,Suriname,81.94,18.06
1067,1979,Suriname,84.14,15.86
1068,1980,Suriname,86.76,13.24
1069,1981,Suriname,86.52,13.48
1070,1982,Suriname,86.28,13.72
1071,1983,Suriname,86.05,13.95
1072,1984,Suriname,85.81,14.18
1073,1985,Suriname,85.58,14.42
1074,1986,Suriname,85.35,14.65
1075,1987,Suriname,85.12,14.88
1076,1988,Suriname,84.88,15.12
1077,1989,Suriname,84.65,15.35
1078,1990,Suriname,84.42,15.58
1079,1991,Suriname,84.19,15.81
1080,1992,Suriname,83.96,16.04
1081,1993,Suriname,83.73,16.27
1082,1994,Suriname,83.51,16.49
1083,1995,Suriname,83.28,16.72
1084,1996,Suriname,83.05,16.95
1085,1997,Suriname,82.83,17.17
1086,1998,Suriname,82.6,17.4
1087,1999,Suriname,82.38,17.62
1088,2000,Suriname,82.15,17.85
1089,2001,Suriname,81.93,18.07
1090,2002,Suriname,81.71,18.29
1091,2003,Suriname,81.48,18.52
1092,2004,Suriname,81.26,18.74
1093,2005,Suriname,83.67,16.33
1094,2006,Suriname,85.11,14.89
1095,2007,Suriname,86.4,13.6
1096,2008,Suriname,87.5,12.5
1097,2009,Suriname,88.36,11.64
1098,2010,Suriname,88.97,11.03
1099,2011,Suriname,89.58,10.42
1100,2012,Suriname,90.34,9.66
1101,2013,Suriname,90.34,9.66
1102,2014,Suriname,90.34,9.66
1103,2015,Suriname,90.34,9.66
1104,1970,Trinidad and Tobago,82.04,17.96
1105,1971,Trinidad and Tobago,82.48,17.52
1106,1972,Trinidad and Tobago,82.87,17.13
1107,1973,Trinidad and Tobago,83.23,16.77
1108,1974,Trinidad and Tobago,83.53,16.47
1109,1975,Trinidad and Tobago,83.8,16.2
1110,1976,Trinidad and Tobago,84.02,15.98
1111,1977,Trinidad and Tobago,84.2,15.8
1112,1978,Trinidad and Tobago,84.33,15.67
1113,1979,Trinidad and Tobago,84.43,15.57
1114,1980,Trinidad and Tobago,84.47,15.53
1115,1981,Trinidad and Tobago,84.61,15.39
1116,1982,Trinidad and Tobago,84.71,15.29
1117,1983,Trinidad and Tobago,84.76,15.24
1118,1984,Trinidad and Tobago,85.03,14.97
1119,1985,Trinidad and Tobago,85.28,14.72
1120,1986,Trinidad and Tobago,85.51,14.49
1121,1987,Trinidad and Tobago,85.71,14.29
1122,1988,Trinidad and Tobago,85.88,14.12
1123,1989,Trinidad and Tobago,86.02,13.98
1124,1990,Trinidad and Tobago,87.78,12.22
1125,1991,Trinidad and Tobago,88.12,11.88
1126,1992,Trinidad and Tobago,88.47,11.53
1127,1993,Trinidad and Tobago,88.82,11.18
1128,1994,Trinidad and Tobago,89.17,10.83
1129,1995,Trinidad and Tobago,89.52,10.48
1130,1996,Trinidad and Tobago,89.87,10.13
1131,1997,Trinidad and Tobago,90.22,9.78
1132,1998,Trinidad and Tobago,90.58,9.42
1133,1999,Trinidad and Tobago,90.94,9.07
1134,2000,Trinidad and Tobago,91.29,8.71
1135,2001,Trinidad and Tobago,90.75,9.25
1136,2002,Trinidad and Tobago,91.82,8.18
1137,2003,Trinidad and Tobago,92.8,7.2
1138,2004,Trinidad and Tobago,93.68,6.32
1139,2005,Trinidad and Tobago,94.44,5.56
1140,2006,Trinidad and Tobago,95.08,4.92
1141,2007,Trinidad and Tobago,95.59,4.41
1142,2008,Trinidad and Tobago,95.96,4.04
1143,2009,Trinidad and Tobago,96.2,3.8
1144,2010,Trinidad and Tobago,96.29,3.71
1145,2011,Trinidad and Tobago,96.38,3.62
1146,2012,Trinidad and Tobago,96.56,3.44
1147,2013,Trinidad and Tobago,96.56,3.44
1148,2014,Trinidad and Tobago,98.0,2.0
1149,2015,Trinidad and Tobago,98.0,2.0
1150,1970,Uruguay,75.18,24.82
1151,1971,Uruguay,76.08,23.92
1152,1972,Uruguay,76.92,23.08
1153,1973,Uruguay,77.78,22.22
1154,1974,Uruguay,77.57,22.43
1155,1975,Uruguay,79.0,21.0
1156,1976,Uruguay,79.89,20.11
1157,1977,Uruguay,80.78,19.22
1158,1978,Uruguay,81.69,18.31
1159,1979,Uruguay,82.61,17.39
1160,1980,Uruguay,83.54,16.46
1161,1981,Uruguay,84.48,15.52
1162,1982,Uruguay,85.43,14.57
1163,1983,Uruguay,86.39,13.61
1164,1984,Uruguay,87.37,12.63
1165,1985,Uruguay,88.35,11.65
1166,1986,Uruguay,89.01,10.99
1167,1987,Uruguay,89.67,10.33
1168,1988,Uruguay,90.34,9.66
1169,1989,Uruguay,91.01,8.99
1170,1990,Uruguay,91.69,8.31
1171,1991,Uruguay,92.37,7.63
1172,1992,Uruguay,93.06,6.94
1173,1993,Uruguay,93.75,6.25
1174,1994,Uruguay,94.45,5.55
1175,1995,Uruguay,95.15,4.85
1176,1996,Uruguay,95.86,4.14
1177,1997,Uruguay,95.59,4.41
1178,1998,Uruguay,95.82,4.18
1179,1999,Uruguay,96.06,3.94
1180,2000,Uruguay,96.26,3.74
1181,2001,Uruguay,96.39,3.61
1182,2002,Uruguay,96.41,3.59
1183,2003,Uruguay,96.84,3.16
1184,2004,Uruguay,97.18,2.82
1185,2005,Uruguay,97.4,2.6
1186,2006,Uruguay,98.52,1.48
1187,2007,Uruguay,99.4,0.6
1188,2008,Uruguay,99.74,0.26
1189,2009,Uruguay,99.74,0.26
1190,2010,Uruguay,99.75,0.25
1191,2011,Uruguay,99.2,0.8
1192,2012,Uruguay,99.4,0.6
1193,2013,Uruguay,99.6,0.4
1194,2014,Uruguay,99.7,0.3
1195,2015,Uruguay,99.7,0.3
1196,1970,Venezuela,76.9,23.1
1197,1971,Venezuela,76.78,23.22
1198,1972,Venezuela,76.75,23.25
1199,1973,Venezuela,76.78,23.22
1200,1974,Venezuela,76.81,23.19
1201,1975,Venezuela,76.84,23.16
1202,1976,Venezuela,76.87,23.13
1203,1977,Venezuela,76.89,23.11
1204,1978,Venezuela,76.92,23.08
1205,1979,Venezuela,76.95,23.05
1206,1980,Venezuela,76.98,23.02
1207,1981,Venezuela,77.01,22.99
1208,1982,Venezuela,76.77,23.23
1209,1983,Venezuela,76.53,23.47
1210,1984,Venezuela,76.29,23.71
1211,1985,Venezuela,76.05,23.95
1212,1986,Venezuela,75.82,24.18
1213,1987,Venezuela,75.58,24.42
1214,1988,Venezuela,75.35,24.65
1215,1989,Venezuela,75.11,24.89
1216,1990,Venezuela,74.88,25.12
1217,1991,Venezuela,76.59,23.41
1218,1992,Venezuela,78.35,21.65
1219,1993,Venezuela,80.14,19.86
1220,1994,Venezuela,81.98,18.02
1221,1995,Venezuela,83.85,16.15
1222,1996,Venezuela,85.77,14.23
1223,1997,Venezuela,87.74,12.26
1224,1998,Venezuela,89.74,10.26
1225,1999,Venezuela,91.8,8.2
1226,2000,Venezuela,93.9,6.1
1227,2001,Venezuela,96.05,3.95
1228,2002,Venezuela,96.88,3.12
1229,2003,Venezuela,96.45,3.55
1230,2004,Venezuela,96.26,3.74
1231,2005,Venezuela,96.29,3.71
1232,2006,Venezuela,96.51,3.49
1233,2007,Venezuela,96.88,3.12
1234,2008,Venezuela,97.37,2.63
1235,2009,Venezuela,97.9,2.1
1236,2010,Venezuela,98.42,1.58
1237,2011,Venezuela,98.94,1.06
1238,2012,Venezuela,99.74,0.26
1239,2013,Venezuela,99.74,0.26
1240,2014,Venezuela,98.9,1.1
1241,2015,Venezuela,98.9,1.1
